http://www.inmuebles24.com/propiedades/amplio-departamento-ph-amueblado-en-col.-juarez-53856359.html,Amplio Departamento PH Amueblado en Col. Juárez
http://www.inmuebles24.com/propiedades/terreno-tlalpan-53856362.html,Terreno Tlalpan
http://www.inmuebles24.com/propiedades/casa-xochimilco-53856375.html,Casa Xochimilco
http://www.inmuebles24.com/propiedades/departamento-en-renta-en-centro-venustiano-carranza-53856381.html,"Departamento en Renta en Centro, Venustiano Carranza, México, D.F."
http://www.inmuebles24.com/propiedades/departamento-tlahuac-53856389.html,Departamento Tlahuac
http://www.inmuebles24.com/propiedades/ph-en-venta-en-polanco-53856394.html,PH en venta en Polanco
http://www.inmuebles24.com/propiedades/lotes-milpa-alta-53856404.html,Lotes Milpa Alta
http://www.inmuebles24.com/propiedades/col.-cuauhtemoc.-departamento-en-venta.-con-elevador-53856420.html,COL. CUAUHTEMOC.- DEPARTAMENTO EN VENTA. CON ELEVADOR Y 3 ESTACIONAMIENTOS
http://www.inmuebles24.com/propiedades/hermoso-departamento-en-royal-reforma-53856865.html,HERMOSO DEPARTAMENTO EN ROYAL REFORMA
http://www.inmuebles24.com/propiedades/casa-en-venta-con-uso-de-suelo-en-polanco-53856866.html,CASA EN VENTA CON USO DE SUELO EN POLANCO
http://www.inmuebles24.com/propiedades/preciosa-casa-en-venta-en-las-lomas-53856869.html,PRECIOSA CASA EN VENTA EN LAS LOMAS
http://www.inmuebles24.com/propiedades/bodega-tacubaya-rento-oficina-184-mts-con-bodega-53856974.html,"Bodega,Tacubaya, Rento oficina 184mts, con bodega 440mts, 2 autos."
http://www.inmuebles24.com/propiedades/oficina-217-m2-anzures-5-min-de-polanco-53871130.html,OFICINA 217M2 ANZURES 5MIN DE POLANCO 
http://www.inmuebles24.com/propiedades/oficina-350-m2-anzures-5-min-de-polanco-ph-53871156.html,OFICINA 350M2 ANZURES 5MIN DE POLANCO PH
http://www.inmuebles24.com/propiedades/local-comercial-anzures-412-m2-a-orilla-de-banqueta-53871178.html,LOCAL COMERCIAL ANZURES 412M2 A ORILLA DE BANQUETA
http://www.inmuebles24.com/propiedades/parques-del-pedregal-renta-$50-000.-departamento-53871245.html,"PARQUES DEL PEDREGAL RENTA $50,000. DEPARTAMENTO"
http://www.inmuebles24.com/propiedades/hermoso-penthouse-exterior-con-una-ubicacion-53871261.html,Hermoso Penthouse exterior con una ubicación privilegiada
http://www.inmuebles24.com/propiedades/santa-fe-conjunto-triada-venta-departamento-53871264.html,SANTA FE CONJUNTO TRIADA VENTA DEPARTAMENTO
http://www.inmuebles24.com/propiedades/amplio-departamento-en-condominio-con-areas-verdes-y-53871291.html,Amplio departamento en condominio con áreas verdes y segurid
http://www.inmuebles24.com/propiedades/condominio-horizontal-en-pedregal-53871309.html,CONDOMINIO HORIZONTAL EN PEDREGAL
http://www.inmuebles24.com/propiedades/penthouse-cine-mexico-2r-2b-2e-53871329.html,Penthouse  “Cine México” 2r 2b 2e
http://www.inmuebles24.com/propiedades/nueva-preventa-espacios-increibles-solo-10-de-53871375.html,NUEVA PREVENTA-ESPACIOS INCREIBLES-SOLO 10% DE ENGANCHE
http://www.inmuebles24.com/propiedades/departamento-en-renta-juarez-cuauhtemoc-53871395.html,"DEPARTAMENTO EN RENTA, JUÁREZ/ CUAUHTÉMOC"
http://www.inmuebles24.com/propiedades/casa-en-bosques-de-las-lomas-53871462.html,CASA EN BOSQUES DE LAS LOMAS
http://www.inmuebles24.com/propiedades/dep-3-rec-cuarto-tv-4-banos-413-metros-cuarto-y-bano-53871465.html,"Dep 3 rec, cuarto tv, 4 banos  413 metros cuarto y bano servicio"
http://www.inmuebles24.com/propiedades/consultorio-en-renta-53871475.html,CONSULTORIO EN RENTA
http://www.inmuebles24.com/propiedades/edificio-en-venta-en-insurgentes-norte-53871503.html,Edificio en Venta en Insurgentes Norte
http://www.inmuebles24.com/propiedades/bodega-en-excelente-ubicacion-muy-centrica-53871537.html,BODEGA EN EXCELENTE UBICACIÓN MUY CÉNTRICA
http://www.inmuebles24.com/propiedades/venta-dpto.-en-av-centenario-53871583.html,VENTA DPTO.  EN AV. CENTENARIO
http://www.inmuebles24.com/propiedades/parques-del-pedregal-renta-$50-000.-excelente-53871600.html,"PARQUES DEL PEDREGAL RENTA $50,000. EXCELENTE DEPARTAMENTO"
http://www.inmuebles24.com/propiedades/bodega-en-renta-en-valle-escondido-53871601.html,BODEGA EN RENTA EN VALLE ESCONDIDO
http://www.inmuebles24.com/propiedades/oficina-en-renta-53871609.html,Oficina en Renta
http://www.inmuebles24.com/propiedades/casa-en-condominio-en-renta-53871695.html,Casa en Condominio en Renta
http://www.inmuebles24.com/propiedades/renta-en-santa-fe-en-isola-1-recamara-53871709.html,RENTA EN SANTA FE EN ISOLA 1 RECAMARA
http://www.inmuebles24.com/propiedades/hermosa-residencia-con-excelentes-acabados-53871712.html,HERMOSA RESIDENCIA CON EXCELENTES ACABADOS
http://www.inmuebles24.com/propiedades/rento-departamento-semi-amueblado-en-city-towers-53871753.html,RENTO DEPARTAMENTO SEMI-AMUEBLADO EN CITY TOWERS GRAND
http://www.inmuebles24.com/propiedades/hermosa-residencia-en-calle-cerrada-53871780.html,HERMOSA RESIDENCIA EN CALLE CERRADA
http://www.inmuebles24.com/propiedades/departamento-nuevo-en-narvarte-oriente-53871788.html,DEPARTAMENTO NUEVO EN NARVARTE ORIENTE
http://www.inmuebles24.com/propiedades/departamento-hipodromo-condesa-para-remodelar-53871836.html,Departamento Hipódromo Condesa para remodelar
http://www.inmuebles24.com/propiedades/amplia-y-hermosa-casa-53871861.html,Amplia y hermosa casa
http://www.inmuebles24.com/propiedades/se-vende-casa-como-terreno-en-col.-guerrero-53871865.html,Se vende casa como terreno en Col. Guerrero
http://www.inmuebles24.com/propiedades/casa-en-venta-col.-pro-hogar-azcapotzalco.-53871867.html,"Casa en Venta, Col. Pro - Hogar, Azcapotzalco."
http://www.inmuebles24.com/propiedades/departamento-en-venta-fiviport-53871893.html,DEPARTAMENTO EN VENTA FIVIPORT
http://www.inmuebles24.com/propiedades/lujoso-y-nuevo-edificio-en-venta-en-periferico-polanco-53871918.html,LUJOSO Y NUEVO EDIFICIO EN VENTA EN PERIFÉRICO POLANCO
http://www.inmuebles24.com/propiedades/terreno-con-uso-de-suelo-hc-4-30-anahuac-53871938.html,Terreno con uso de suelo HC/4/30 Anahuac
http://www.inmuebles24.com/propiedades/garden-house-en-santa-fe-mediterranea-53871946.html,GARDEN HOUSE EN SANTA FE MEDITERRANEA
http://www.inmuebles24.com/propiedades/linda-casa-en-renta-col.-florida-53872030.html,"LINDA CASA EN RENTA, COL. FLORIDA"
http://www.inmuebles24.com/propiedades/renta-en-paradox-santa-fe-vista-a-la-mexicana-53872033.html,RENTA EN PARADOX SANTA FE VISTA A LA MEXICANA
http://www.inmuebles24.com/propiedades/departamento-en-renta-en-polanco-53872051.html,Departamento en Renta en Polanco
http://www.inmuebles24.com/propiedades/exclusivo-garden-house-polanco.-53872089.html,"Exclusivo garden House, Polanco."
http://www.inmuebles24.com/propiedades/departamento-en-renta-en-santa-fe-53872104.html,Departamento en Renta en Santa Fe
http://www.inmuebles24.com/propiedades/gran-oficina-en-corazon-de-la-condesa.-53872175.html,Gran oficina en Corazón de la condesa.
http://www.inmuebles24.com/propiedades/venta-divino-departamento-nuevo-plinio-polanco-53872193.html,"VENTA DIVINO DEPARTAMENTO NUEVO PLINIO, POLANCO"
http://www.inmuebles24.com/propiedades/magnifico-departamento-en-palmas-53872211.html,Magnífico departamento en Palmas
http://www.inmuebles24.com/propiedades/vendo-casa-en-fincas-de-sayavedra-53872231.html,VENDO CASA EN FINCAS DE SAYAVEDRA
http://www.inmuebles24.com/propiedades/vendo-lujosa-casa-en-fincas-de-sayavedra-para-estrenar-53872241.html,VENDO LUJOSA CASA EN FINCAS DE SAYAVEDRA PARA ESTRENAR
http://www.inmuebles24.com/propiedades/departamento-a-estrenar-con-acabados-de-lujo-53872304.html,Departamento a estrenar con acabados de lujo
http://www.inmuebles24.com/propiedades/edificio-corporativo-en-renta-jardines-del-pedregal-53872316.html,"Edificio  Corporativo en Renta  Jardines del Pedregal , Alvaro Obregon"
http://www.inmuebles24.com/propiedades/linda-casa-en-roma-sur-53872338.html,Linda casa en Roma sur
http://www.inmuebles24.com/propiedades/casa-nueva-con-vigilancia-53872349.html,Casa nueva con vigilancia
http://www.inmuebles24.com/propiedades/departamento-en-condominio-en-lomas-53872354.html,Departamento en condominio en lomas
http://www.inmuebles24.com/propiedades/departamento-en-condominio-con-terraza-53872355.html,Departamento en condominio con terraza
http://www.inmuebles24.com/propiedades/preventa-super-departamentos-en-la-condesa-cuauhtemoc-53872358.html,"Preventa Súper Departamentos en La Condesa, Cuauhtemoc"
http://www.inmuebles24.com/propiedades/oficinas-inteligentes-en-veronica-anzures-miguel-53872359.html,"Oficinas inteligentes en Verónica Anzures, Miguel Hidalgo"
http://www.inmuebles24.com/propiedades/excelente-opcion-de-departamentos-residencial-mixto-53872360.html,"Excelente opción de departamentos,Residencial Mixto Art Deco en Havre, La Juárez"
http://www.inmuebles24.com/propiedades/7-exclusivos-departamentos-en-la-colonia-del-valle-53872361.html,"7 Exclusivos Departamentos en la Colonia del Valle, Esquina Viaducto"
http://www.inmuebles24.com/propiedades/exclusivos-departamentos-de-dos-pisos-en-campos-53872363.html,"Exclusivos departamentos de dos pisos en Campos Eliseos, Polanco"
http://www.inmuebles24.com/propiedades/hermoso-departamento-para-estrenar-53872364.html,Hermoso departamento para estrenar
http://www.inmuebles24.com/propiedades/fantastico-departamento-en-vito-alessio-robles-col.-53872369.html,"Fantástico departamento en Vito Alessio Robles, Col. Florida, Alvaro Obregón"
http://www.inmuebles24.com/propiedades/departamento-remate-53872375.html,DEPARTAMENTO REMATE
http://www.inmuebles24.com/propiedades/casa-sola-remate-53872391.html,CASA SOLA REMATE
http://www.inmuebles24.com/propiedades/bonito-departamento-en-city-towers-grand-53872393.html,Bonito departamento en City Towers Grand
http://www.inmuebles24.com/propiedades/casa-en-condominio-remate-53872395.html,CASA EN CONDOMINIO REMATE
http://www.inmuebles24.com/propiedades/renta-oficina-kelvin-50-m2-$15-000-53872398.html,"Renta - Oficina - Kelvin - 50m2 - $15,000"
http://www.inmuebles24.com/propiedades/casa-sola-remate-53872400.html,CASA SOLA REMATE
http://www.inmuebles24.com/propiedades/sierra-guadarrama-53872401.html,SIERRA GUADARRAMA
http://www.inmuebles24.com/propiedades/preventa-depto.-park-del-carmen-53872404.html,Preventa depto. Park del Carmen
http://www.inmuebles24.com/propiedades/casa-en-remate-53872405.html,CASA EN REMATE
http://www.inmuebles24.com/propiedades/casa-en-remate-53872408.html,CASA EN REMATE
http://www.inmuebles24.com/propiedades/casa-en-remate-53872410.html,CASA EN REMATE
http://www.inmuebles24.com/propiedades/excelente-casa-en-renta-con-seguridad-bosques-53872414.html,excelente casa en renta con seguridad Bosques
http://www.inmuebles24.com/propiedades/renta-oficina-felix-parra-53872419.html,Renta  Oficina  FELIX PARRA
http://www.inmuebles24.com/propiedades/casa-sola-remate-53872422.html,CASA SOLA REMATE
http://www.inmuebles24.com/propiedades/pre-venta-departamentos-icon-san-angel-al-sur-de-la-53872423.html,PRE-VENTA DEPARTAMENTOS  ICON SAN ANGEL AL SUR DE LA CD
http://www.inmuebles24.com/propiedades/terreno-en-esquina-en-venta-en-peralvillo-cuauhtemoc-53872424.html,"Terreno en esquina en  venta en Peralvillo, Cuauhtemoc"
http://www.inmuebles24.com/propiedades/pre-venta-unico-del-valle-calle-de-amores-deleg.-53872428.html,"Pre-venta  Único del Valle, Calle de Amores deleg. Benito Juárez"
http://www.inmuebles24.com/propiedades/lomas-plaza-beauty-central-salon-53872436.html,"LOMAS PLAZA, BEAUTY CENTRAL SALÓN"
http://www.inmuebles24.com/propiedades/departamento-remate-53872444.html,DEPARTAMENTO REMATE
http://www.inmuebles24.com/propiedades/2-recamaras-cerca-del-metro-nopalera-53872464.html,2 recamaras cerca del metro nopàlera
http://www.inmuebles24.com/propiedades/local-comercial-con-departamento-53872466.html,local comercial con departamento
http://www.inmuebles24.com/propiedades/av-yucatan-hipodromo-condesa-53872517.html,AV. YUCATAN - HIPODROMO CONDESA
http://www.inmuebles24.com/propiedades/nueva-santa-anita-departamento-venta-iztacalco-53872548.html,"NUEVA SANTA ANITA, DEPARTAMENTO, VENTA, IZTACALCO, CDMX."
http://www.inmuebles24.com/propiedades/escandon-ii-sec.-terreno-residencial-venta-miguel-53872549.html,"ESCANDON II SEC. TERRENO RESIDENCIAL, VENTA, MIGUEL HIDALGO, CDMX."
http://www.inmuebles24.com/propiedades/escandon-ii-sec.-terreno-residencial-venta-miguel-53872551.html,"ESCANDON II SEC. TERRENO RESIDENCIAL, VENTA, MIGUEL HIDALGO, CDMX."
http://www.inmuebles24.com/propiedades/campestre-coyoacan-terreno-residencial-venta-53872554.html,"CAMPESTRE COYOACAN, TERRENO RESIDENCIAL, VENTA, COYOACAN, CDMX."
http://www.inmuebles24.com/propiedades/hipodromo-condesa-departamento-renta-cuauhtemoc-cdmx-53872557.html,HIPÓDROMO CONDESA DEPARTAMENTO RENTA CUAUHTEMOC  CDMX
http://www.inmuebles24.com/propiedades/napoles-terreno-en-venta-benito-juarez-cdmx-53872558.html,Napoles Terreno en Venta Benito Juarez CDMX
http://www.inmuebles24.com/propiedades/olivar-de-los-padres-departamento-en-venta-alvaro-53872561.html,OLivar de los Padres Departamento en Venta Alvaro Obregon CDMX
http://www.inmuebles24.com/propiedades/ggc6-edificio-en-colonia-vallejo-53872563.html,GGC6 Edificio en colonia Vallejo
http://www.inmuebles24.com/propiedades/vito-alessio-robles-florida-53872596.html,VITO ALESSIO ROBLES - FLORIDA
http://www.inmuebles24.com/propiedades/venta-renta!-hermoso-ph-en-polanco-53872616.html,VENTA/RENTA!!!!!! Hermoso PH en Polanco
http://www.inmuebles24.com/propiedades/preventa-casa-con-los-mejores-acabados-a-5-min-de-53872684.html,PREVENTA CASA CON LOS MEJORES ACABADOS A 5 MIN DE INSURGENTES SUR
http://www.inmuebles24.com/propiedades/casa-en-condominio-en-venta-al-sur-cdmx-53872749.html,Casa en condominio en Venta al Sur CDMX
http://www.inmuebles24.com/propiedades/casa-como-terreno-centro-de-la-ciudad-col.-53872767.html,"Casa como terreno, centro de la ciudad, Col. Agricultura."
http://www.inmuebles24.com/propiedades/venta-departamento-excelente-zona-53872956.html,Venta-Departamento Excelente Zona
http://www.inmuebles24.com/propiedades/gran-departamento-106-m-53872968.html,Gran Departamento 106m²
http://www.inmuebles24.com/propiedades/departamento-106-m-del.-benito-juarez-53872979.html,Departamento 106m²- Del. Benito Juárez
http://www.inmuebles24.com/propiedades/departamento-2-recamaras-2-banos-2-53872984.html,Departamento- 2 Recámaras- 2 Baños- 2 Estacionamientos
http://www.inmuebles24.com/propiedades/renta-exclusivo-departamento-en-la-loma-santa-fe-53872991.html,RENTA EXCLUSIVO DEPARTAMENTO EN LA LOMA SANTA FÉ - MISIONES
http://www.inmuebles24.com/propiedades/venta-departamento-col.-narvarte-53873042.html,Venta- Departamento- Col. Narvarte
http://www.inmuebles24.com/propiedades/departamento-a-estrenar-2-recamaras-2-banos-53873055.html,Departamento a Estrenar- 2 Recámaras- 2 Baños
http://www.inmuebles24.com/propiedades/exclusivo-departamento-zona-narvarte-53873073.html,Exclusivo Departamento Zona Narvarte
http://www.inmuebles24.com/propiedades/remate-casa-sierra-paracaima-53873082.html,REMATE CASA SIERRA PARACAIMA
http://www.inmuebles24.com/propiedades/departamento-en-col.-narvarte-74-m-53873083.html,Departamento en Col. Narvarte 74m²
http://www.inmuebles24.com/propiedades/venta-departamento-col.-narvarte-53873094.html,Venta- Departamento Col. Narvarte
http://www.inmuebles24.com/propiedades/vigilancia-las-24hrs-y-amenidades-53873116.html,Vigilancia las 24hrs y amenidades
http://www.inmuebles24.com/propiedades/amplio-departamento-iluminado-y-excelente-ubicacion-53873117.html,Amplio Departamento iluminado y excelente ubicación
http://www.inmuebles24.com/propiedades/lujoso-penthouse-en-polanco-listo-para-estrenar!-53873120.html,"Lujoso PENTHOUSE en Polanco, listo para estrenar!"
http://www.inmuebles24.com/propiedades/excelente-departamento-en-renta-col.-narvarte-53873132.html,EXCELENTE DEPARTAMENTO EN RENTA COL. NARVARTE
http://www.inmuebles24.com/propiedades/departamento-con-80-m-napoles-53873175.html,Departamento con 80m² - Nápoles
http://www.inmuebles24.com/propiedades/departamento-con-80-m-napoles-53873176.html,Departamento con 80m² - Nápoles
http://www.inmuebles24.com/propiedades/penthouse-de-145-m-con-roof-garden-napoles-53873204.html,Penthouse de 145m² con Roof Garden- Nápoles
http://www.inmuebles24.com/propiedades/nube-53875345.html,NUBE
http://www.inmuebles24.com/propiedades/departamento-renta-monte-elbruz-53875360.html,DEPARTAMENTO RENTA MONTE ELBRUZ
http://www.inmuebles24.com/propiedades/colmenar-53875365.html,COLMENAR
http://www.inmuebles24.com/propiedades/departamento-en-parque-san-andres-dakota-53875368.html,"Departamento En Parque San Andrés, Dakota"
http://www.inmuebles24.com/propiedades/casa-en-jardines-del-pedregal-agua-53875393.html,"Casa En Jardines del Pédregal, Agua"
http://www.inmuebles24.com/propiedades/reforma-santa-fe-53875395.html,REFORMA SANTA FE
http://www.inmuebles24.com/propiedades/renta-penthouse-en-bosques-de-las-lomas-53875396.html,RENTA PENTHOUSE EN BOSQUES DE LAS LOMAS
http://www.inmuebles24.com/propiedades/amplio-departamento-zona-lindavista-53875398.html,"AMPLIO DEPARTAMENTO, ZONA LINDAVISTA"
http://www.inmuebles24.com/propiedades/renta-bonita-casa-col.-condesa-53875468.html,RENTA BONITA CASA COL. CONDESA
http://www.inmuebles24.com/propiedades/bonito-departamento-listo-para-entrar-53875476.html,"BONITO DEPARTAMENTO, LISTO PARA ENTRAR"
http://www.inmuebles24.com/propiedades/work-lab-monterrey-oficinas-en-preventa!-53875491.html,Work-Lab Monterrey oficinas en preventa!!!
http://www.inmuebles24.com/propiedades/casa-en-renta-monte-parnaso-lomas-de-chapultepec-53875497.html,"Casa en Renta, Monte Parnaso, Lomas de Chapultepec"
http://www.inmuebles24.com/propiedades/departamento-en-renta-mariano-escobedo-polanco-53875520.html,"Departamento en Renta, Mariano Escobedo, Polanco"
http://www.inmuebles24.com/propiedades/departamento-en-renta-mariano-escobedo-polanco-53875524.html,"Departamento en Renta, Mariano Escobedo, Polanco"
http://www.inmuebles24.com/propiedades/591-venta-de-bellisimo-departamento-en-la-loma-santa-53875533.html,591- VENTA DE BELLÍSIMO DEPARTAMENTO EN LA LOMA SANTA FE
http://www.inmuebles24.com/propiedades/592-venta-de-espectacular-departamento-en-la-loma-53875534.html,592- VENTA DE ESPECTACULAR DEPARTAMENTO EN LA LOMA SANTA FE
http://www.inmuebles24.com/propiedades/venta-edificio-53875546.html,VENTA EDIFICIO
http://www.inmuebles24.com/propiedades/gran-remate-departamento-paseos-de-taxquena-coyoacan-53875566.html,"GRAN REMATE DEPARTAMENTO, PASEOS DE TAXQUEÑA, COYOACAN "
